<?xml version="1.0" encoding="UTF-8"?>
<project-private xmlns="http://www.netbeans.org/ns/project-private/1">
    <editor-bookmarks xmlns="http://www.netbeans.org/ns/editor-bookmarks/2" lastBookmarkId="0"/>
    <open-files xmlns="http://www.netbeans.org/ns/projectui-open-files/2">
        <group>
            <file>file:/C:/Users/Usuario/Documents/Estructura%20de%20datos%20II/TablaHash/src/tablahash/TablaHash.java</file>
            <file>file:/C:/Users/Usuario/Documents/Estructura%20de%20datos%20II/TablaHash/src/tablahash/Requerimiento.java</file>
            <file>file:/C:/Users/Usuario/Documents/Estructura%20de%20datos%20II/TablaHash/src/tablahash/Tabla.java</file>
            <file>file:/C:/Users/Usuario/Documents/Estructura%20de%20datos%20II/TablaHash/src/tablahash/Menu.java</file>
            <file>file:/C:/Users/Usuario/Documents/Estructura%20de%20datos%20II/TablaHash/src/tablahash/Nodo.java</file>
            <file>file:/C:/Users/Usuario/Documents/Estructura%20de%20datos%20II/TablaHash/src/tablahash/Lista.java</file>
        </group>
    </open-files>
</project-private>
