<?xml version="1.0" encoding="UTF-8"?>
<project-private xmlns="http://www.netbeans.org/ns/project-private/1">
    <editor-bookmarks xmlns="http://www.netbeans.org/ns/editor-bookmarks/2" lastBookmarkId="0"/>
    <open-files xmlns="http://www.netbeans.org/ns/projectui-open-files/2">
        <group>
            <file>file:/C:/Users/Usuario/Documents/Estructura%20de%20datos%20II/Practica_5/src/practica_5/Ventana.java</file>
            <file>file:/C:/Users/Usuario/Documents/Estructura%20de%20datos%20II/Practica_5/src/practica_5/Practica_5.java</file>
            <file>file:/C:/Users/Usuario/Documents/Estructura%20de%20datos%20II/Practica_5/src/practica_5/Imagen.java</file>
        </group>
    </open-files>
</project-private>
