<?xml version="1.0" encoding="UTF-8"?>
<project-private xmlns="http://www.netbeans.org/ns/project-private/1">
    <editor-bookmarks xmlns="http://www.netbeans.org/ns/editor-bookmarks/2" lastBookmarkId="0"/>
    <open-files xmlns="http://www.netbeans.org/ns/projectui-open-files/2">
        <group>
            <file>file:/C:/Users/Daniel/Documents/Segundo%20semestre/Estructura%20de%20datos%20II/Hoja%20de%20Trabajo/HT%203/src/ht/pkg3/HT3.java</file>
            <file>file:/C:/Users/Daniel/Documents/Segundo%20semestre/Estructura%20de%20datos%20II/Hoja%20de%20Trabajo/HT%203/src/ht/pkg3/Arbol_B.java</file>
            <file>file:/C:/Users/Daniel/Documents/Segundo%20semestre/Estructura%20de%20datos%20II/Hoja%20de%20Trabajo/HT%203/src/ht/pkg3/NodoM.java</file>
            <file>file:/C:/Users/Daniel/Documents/Segundo%20semestre/Estructura%20de%20datos%20II/Hoja%20de%20Trabajo/HT%203/src/ht/pkg3/NodoT.java</file>
        </group>
    </open-files>
</project-private>
